{
  "project_info": {
    "project_number": "91658143058",
    "firebase_url": "https://map-api-f44a4.firebaseio.com",
    "project_id": "map-api-f44a4",
    "storage_bucket": "map-api-f44a4.appspot.com"
  },
  "client": [
    {
      "client_info": {
        "mobilesdk_app_id": "1:91658143058:android:a1d1ce9b8c3681aa",
        "android_client_info": {
          "package_name": "com.codingwithmitch.googlemaps2018"
        }
      },
      "oauth_client": [
        {
          "client_id": "91658143058-7m618iv3tjqe0uu0okiut6lqfvt916cs.apps.googleusercontent.com",
          "client_type": 3
        }
      ],
      "api_key": [
        {
          "current_key": "AIzaSyC6RY-Kui8kbxMkrBColyQNu8NuEX0FgMs"
        }
      ],
      "services": {
        "analytics_service": {
          "status": 1
        },
        "appinvite_service": {
          "status": 1,
          "other_platform_oauth_client": []
        },
        "ads_service": {
          "status": 2
        }
      }
    }
  ],
  "configuration_version": "1"
}